PRAGMA foreign_keys=OFF;
BEGIN TRANSACTION;
CREATE TABLE IF NOT EXISTS "django_migrations" ("id" integer NOT NULL PRIMARY KEY AUTOINCREMENT, "app" varchar(255) NOT NULL, "name" varchar(255) NOT NULL, "applied" datetime NOT NULL);
INSERT INTO django_migrations VALUES(1,'contenttypes','0001_initial','2025-11-02 07:39:43.412608');
INSERT INTO django_migrations VALUES(2,'auth','0001_initial','2025-11-02 07:39:43.713906');
INSERT INTO django_migrations VALUES(3,'admin','0001_initial','2025-11-02 07:39:43.997648');
INSERT INTO django_migrations VALUES(4,'admin','0002_logentry_remove_auto_add','2025-11-02 07:39:44.153907');
INSERT INTO django_migrations VALUES(5,'admin','0003_logentry_add_action_flag_choices','2025-11-02 07:39:44.303978');
INSERT INTO django_migrations VALUES(6,'contenttypes','0002_remove_content_type_name','2025-11-02 07:39:44.464318');
INSERT INTO django_migrations VALUES(7,'auth','0002_alter_permission_name_max_length','2025-11-02 07:39:44.637735');
INSERT INTO django_migrations VALUES(8,'auth','0003_alter_user_email_max_length','2025-11-02 07:39:44.794062');
INSERT INTO django_migrations VALUES(9,'auth','0004_alter_user_username_opts','2025-11-02 07:39:44.970114');
INSERT INTO django_migrations VALUES(10,'auth','0005_alter_user_last_login_null','2025-11-02 07:39:45.124600');
INSERT INTO django_migrations VALUES(11,'auth','0006_require_contenttypes_0002','2025-11-02 07:39:45.259621');
INSERT INTO django_migrations VALUES(12,'auth','0007_alter_validators_add_error_messages','2025-11-02 07:39:45.414125');
INSERT INTO django_migrations VALUES(13,'auth','0008_alter_user_username_max_length','2025-11-02 07:39:45.569391');
INSERT INTO django_migrations VALUES(14,'auth','0009_alter_user_last_name_max_length','2025-11-02 07:39:45.717612');
INSERT INTO django_migrations VALUES(15,'auth','0010_alter_group_name_max_length','2025-11-02 07:39:45.878262');
INSERT INTO django_migrations VALUES(16,'auth','0011_update_proxy_permissions','2025-11-02 07:39:46.023573');
INSERT INTO django_migrations VALUES(17,'auth','0012_alter_user_first_name_max_length','2025-11-02 07:39:46.173014');
INSERT INTO django_migrations VALUES(18,'sessions','0001_initial','2025-11-02 07:39:46.452845');
INSERT INTO django_migrations VALUES(19,'store','0001_initial','2025-11-02 07:39:46.786738');
CREATE TABLE IF NOT EXISTS "auth_group_permissions" ("id" integer NOT NULL PRIMARY KEY AUTOINCREMENT, "group_id" integer NOT NULL REFERENCES "auth_group" ("id") DEFERRABLE INITIALLY DEFERRED, "permission_id" integer NOT NULL REFERENCES "auth_permission" ("id") DEFERRABLE INITIALLY DEFERRED);
CREATE TABLE IF NOT EXISTS "auth_user_groups" ("id" integer NOT NULL PRIMARY KEY AUTOINCREMENT, "user_id" integer NOT NULL REFERENCES "auth_user" ("id") DEFERRABLE INITIALLY DEFERRED, "group_id" integer NOT NULL REFERENCES "auth_group" ("id") DEFERRABLE INITIALLY DEFERRED);
CREATE TABLE IF NOT EXISTS "auth_user_user_permissions" ("id" integer NOT NULL PRIMARY KEY AUTOINCREMENT, "user_id" integer NOT NULL REFERENCES "auth_user" ("id") DEFERRABLE INITIALLY DEFERRED, "permission_id" integer NOT NULL REFERENCES "auth_permission" ("id") DEFERRABLE INITIALLY DEFERRED);
CREATE TABLE IF NOT EXISTS "django_admin_log" ("id" integer NOT NULL PRIMARY KEY AUTOINCREMENT, "object_id" text NULL, "object_repr" varchar(200) NOT NULL, "action_flag" smallint unsigned NOT NULL CHECK ("action_flag" >= 0), "change_message" text NOT NULL, "content_type_id" integer NULL REFERENCES "django_content_type" ("id") DEFERRABLE INITIALLY DEFERRED, "user_id" integer NOT NULL REFERENCES "auth_user" ("id") DEFERRABLE INITIALLY DEFERRED, "action_time" datetime NOT NULL);
CREATE TABLE IF NOT EXISTS "django_content_type" ("id" integer NOT NULL PRIMARY KEY AUTOINCREMENT, "app_label" varchar(100) NOT NULL, "model" varchar(100) NOT NULL);
INSERT INTO django_content_type VALUES(1,'admin','logentry');
INSERT INTO django_content_type VALUES(2,'auth','permission');
INSERT INTO django_content_type VALUES(3,'auth','group');
INSERT INTO django_content_type VALUES(4,'auth','user');
INSERT INTO django_content_type VALUES(5,'contenttypes','contenttype');
INSERT INTO django_content_type VALUES(6,'sessions','session');
INSERT INTO django_content_type VALUES(7,'store','book');
INSERT INTO django_content_type VALUES(8,'store','category');
INSERT INTO django_content_type VALUES(9,'store','order');
INSERT INTO django_content_type VALUES(10,'store','profile');
INSERT INTO django_content_type VALUES(11,'store','orderitem');
INSERT INTO django_content_type VALUES(12,'store','review');
INSERT INTO django_content_type VALUES(13,'store','cartitem');
CREATE TABLE IF NOT EXISTS "auth_permission" ("id" integer NOT NULL PRIMARY KEY AUTOINCREMENT, "content_type_id" integer NOT NULL REFERENCES "django_content_type" ("id") DEFERRABLE INITIALLY DEFERRED, "codename" varchar(100) NOT NULL, "name" varchar(255) NOT NULL);
INSERT INTO auth_permission VALUES(1,1,'add_logentry','Can add log entry');
INSERT INTO auth_permission VALUES(2,1,'change_logentry','Can change log entry');
INSERT INTO auth_permission VALUES(3,1,'delete_logentry','Can delete log entry');
INSERT INTO auth_permission VALUES(4,1,'view_logentry','Can view log entry');
INSERT INTO auth_permission VALUES(5,2,'add_permission','Can add permission');
INSERT INTO auth_permission VALUES(6,2,'change_permission','Can change permission');
INSERT INTO auth_permission VALUES(7,2,'delete_permission','Can delete permission');
INSERT INTO auth_permission VALUES(8,2,'view_permission','Can view permission');
INSERT INTO auth_permission VALUES(9,3,'add_group','Can add group');
INSERT INTO auth_permission VALUES(10,3,'change_group','Can change group');
INSERT INTO auth_permission VALUES(11,3,'delete_group','Can delete group');
INSERT INTO auth_permission VALUES(12,3,'view_group','Can view group');
INSERT INTO auth_permission VALUES(13,4,'add_user','Can add user');
INSERT INTO auth_permission VALUES(14,4,'change_user','Can change user');
INSERT INTO auth_permission VALUES(15,4,'delete_user','Can delete user');
INSERT INTO auth_permission VALUES(16,4,'view_user','Can view user');
INSERT INTO auth_permission VALUES(17,5,'add_contenttype','Can add content type');
INSERT INTO auth_permission VALUES(18,5,'change_contenttype','Can change content type');
INSERT INTO auth_permission VALUES(19,5,'delete_contenttype','Can delete content type');
INSERT INTO auth_permission VALUES(20,5,'view_contenttype','Can view content type');
INSERT INTO auth_permission VALUES(21,6,'add_session','Can add session');
INSERT INTO auth_permission VALUES(22,6,'change_session','Can change session');
INSERT INTO auth_permission VALUES(23,6,'delete_session','Can delete session');
INSERT INTO auth_permission VALUES(24,6,'view_session','Can view session');
INSERT INTO auth_permission VALUES(25,7,'add_book','Can add Sách');
INSERT INTO auth_permission VALUES(26,7,'change_book','Can change Sách');
INSERT INTO auth_permission VALUES(27,7,'delete_book','Can delete Sách');
INSERT INTO auth_permission VALUES(28,7,'view_book','Can view Sách');
INSERT INTO auth_permission VALUES(29,8,'add_category','Can add Danh mục');
INSERT INTO auth_permission VALUES(30,8,'change_category','Can change Danh mục');
INSERT INTO auth_permission VALUES(31,8,'delete_category','Can delete Danh mục');
INSERT INTO auth_permission VALUES(32,8,'view_category','Can view Danh mục');
INSERT INTO auth_permission VALUES(33,9,'add_order','Can add Đơn hàng');
INSERT INTO auth_permission VALUES(34,9,'change_order','Can change Đơn hàng');
INSERT INTO auth_permission VALUES(35,9,'delete_order','Can delete Đơn hàng');
INSERT INTO auth_permission VALUES(36,9,'view_order','Can view Đơn hàng');
INSERT INTO auth_permission VALUES(37,10,'add_profile','Can add Hồ sơ');
INSERT INTO auth_permission VALUES(38,10,'change_profile','Can change Hồ sơ');
INSERT INTO auth_permission VALUES(39,10,'delete_profile','Can delete Hồ sơ');
INSERT INTO auth_permission VALUES(40,10,'view_profile','Can view Hồ sơ');
INSERT INTO auth_permission VALUES(41,11,'add_orderitem','Can add Chi tiết đơn hàng');
INSERT INTO auth_permission VALUES(42,11,'change_orderitem','Can change Chi tiết đơn hàng');
INSERT INTO auth_permission VALUES(43,11,'delete_orderitem','Can delete Chi tiết đơn hàng');
INSERT INTO auth_permission VALUES(44,11,'view_orderitem','Can view Chi tiết đơn hàng');
INSERT INTO auth_permission VALUES(45,12,'add_review','Can add Đánh giá');
INSERT INTO auth_permission VALUES(46,12,'change_review','Can change Đánh giá');
INSERT INTO auth_permission VALUES(47,12,'delete_review','Can delete Đánh giá');
INSERT INTO auth_permission VALUES(48,12,'view_review','Can view Đánh giá');
INSERT INTO auth_permission VALUES(49,13,'add_cartitem','Can add Giỏ hàng');
INSERT INTO auth_permission VALUES(50,13,'change_cartitem','Can change Giỏ hàng');
INSERT INTO auth_permission VALUES(51,13,'delete_cartitem','Can delete Giỏ hàng');
INSERT INTO auth_permission VALUES(52,13,'view_cartitem','Can view Giỏ hàng');
CREATE TABLE IF NOT EXISTS "auth_group" ("id" integer NOT NULL PRIMARY KEY AUTOINCREMENT, "name" varchar(150) NOT NULL UNIQUE);
CREATE TABLE IF NOT EXISTS "auth_user" ("id" integer NOT NULL PRIMARY KEY AUTOINCREMENT, "password" varchar(128) NOT NULL, "last_login" datetime NULL, "is_superuser" bool NOT NULL, "username" varchar(150) NOT NULL UNIQUE, "last_name" varchar(150) NOT NULL, "email" varchar(254) NOT NULL, "is_staff" bool NOT NULL, "is_active" bool NOT NULL, "date_joined" datetime NOT NULL, "first_name" varchar(150) NOT NULL);
INSERT INTO auth_user VALUES(1,'pbkdf2_sha256$600000$pzNzxK6dgtKLpP45z5W29P$HhNyyiyyRjXBBh8Mq/HJ9TyLxc/x5ptUJ31Xqq5iab4=','2025-11-02 08:36:32.889280',1,'dan','','trantnquynh00000@gmail.com',1,1,'2025-11-02 07:41:20.795458','');
INSERT INTO auth_user VALUES(2,'pbkdf2_sha256$600000$9CWEfmSV60cubUqnMlJOTY$izZPQkQOaRw+tyaW9iEpX8/EcuIKqjC46rkT6LnyIa8=','2025-11-02 08:35:44.671945',0,'quynh','Trần','rieng000@gmail.com',0,1,'2025-11-02 08:27:56.607999','Quỳnh');
CREATE TABLE IF NOT EXISTS "django_session" ("session_key" varchar(40) NOT NULL PRIMARY KEY, "session_data" text NOT NULL, "expire_date" datetime NOT NULL);
INSERT INTO django_session VALUES('ymcxmkkl9s93p4boy6glu89otvyc4nyf','.eJxVjMsOwiAQRf-FtSHyZly67zeQYQCpGkhKuzL-uzbpQrf3nHNfLOC21rCNvIQ5sQsT7PS7RaRHbjtId2y3zqm3dZkj3xV-0MGnnvLzerh_BxVH_dZGarQGQUWhCVzWYP1ZKp8ilGTBFZLKkPE-CwcGsvLkZLEopNbOELD3B8GINuI:1vFSrM:i1-ArvWWKkWj6hLhmvBtSbYiTSuA5kinPU494gxSRRQ','2025-11-16 07:50:44.815337');
CREATE TABLE IF NOT EXISTS "store_category" ("id" integer NOT NULL PRIMARY KEY AUTOINCREMENT, "name" varchar(100) NOT NULL, "slug" varchar(50) NOT NULL UNIQUE, "description" text NOT NULL, "created_at" datetime NOT NULL);
INSERT INTO store_category VALUES(1,'Tiểu thuyết','tieu-thuyet','Các tác phẩm tiểu thuyết hay và nổi tiếng','2025-11-02 07:53:53.784598');
INSERT INTO store_category VALUES(2,'Khoa học','khoa-hoc','Sách về khoa học và công nghệ','2025-11-02 07:53:53.913964');
INSERT INTO store_category VALUES(3,'Công nghệ','cong-nghe','Sách về công nghệ thông tin và lập trình','2025-11-02 07:53:54.014411');
INSERT INTO store_category VALUES(4,'Kinh tế','kinh-te','Sách về kinh tế và quản trị kinh doanh','2025-11-02 07:53:54.122950');
INSERT INTO store_category VALUES(5,'Tâm lý học','tam-ly-hoc','Sách về tâm lý học và phát triển bản thân','2025-11-02 07:53:54.223232');
CREATE TABLE IF NOT EXISTS "store_order" ("id" integer NOT NULL PRIMARY KEY AUTOINCREMENT, "full_name" varchar(100) NOT NULL, "email" varchar(254) NOT NULL, "phone" varchar(20) NOT NULL, "address" text NOT NULL, "total_price" decimal NOT NULL, "payment_method" varchar(50) NOT NULL, "status" varchar(20) NOT NULL, "created_at" datetime NOT NULL, "updated_at" datetime NOT NULL, "user_id" integer NOT NULL REFERENCES "auth_user" ("id") DEFERRABLE INITIALLY DEFERRED);
INSERT INTO store_order VALUES(1,'Quỳnh Trần','rieng000@gmail.com','0384853477','114/28/16 Vườn Lài',236820,'bank','pending','2025-11-02 08:36:13.197447','2025-11-02 08:36:13.197473',2);
CREATE TABLE IF NOT EXISTS "store_profile" ("id" integer NOT NULL PRIMARY KEY AUTOINCREMENT, "phone" varchar(20) NOT NULL, "address" text NOT NULL, "created_at" datetime NOT NULL, "user_id" integer NOT NULL UNIQUE REFERENCES "auth_user" ("id") DEFERRABLE INITIALLY DEFERRED);
INSERT INTO store_profile VALUES(1,'','','2025-11-02 08:27:57.065185',2);
CREATE TABLE IF NOT EXISTS "store_orderitem" ("id" integer NOT NULL PRIMARY KEY AUTOINCREMENT, "quantity" integer NOT NULL, "price" decimal NOT NULL, "book_id" bigint NOT NULL REFERENCES "store_book" ("id") DEFERRABLE INITIALLY DEFERRED, "order_id" bigint NOT NULL REFERENCES "store_order" ("id") DEFERRABLE INITIALLY DEFERRED);
INSERT INTO store_orderitem VALUES(1,1,236820,19,1);
CREATE TABLE IF NOT EXISTS "store_book" ("id" integer NOT NULL PRIMARY KEY AUTOINCREMENT, "title" varchar(200) NOT NULL, "slug" varchar(50) NOT NULL UNIQUE, "author" varchar(100) NOT NULL, "description" text NOT NULL, "price" decimal NOT NULL, "image" varchar(100) NULL, "stock" integer NOT NULL, "is_active" bool NOT NULL, "created_at" datetime NOT NULL, "updated_at" datetime NOT NULL, "category_id" bigint NOT NULL REFERENCES "store_category" ("id") DEFERRABLE INITIALLY DEFERRED);
INSERT INTO store_book VALUES(1,'Nhà Giả Kim','nha-gia-kim','Paulo Coelho','Cuốn tiểu thuyết nổi tiếng về hành trình tìm kiếm vận mệnh của một chàng trai trẻ tuổi.',120899,'books/nhagiakim.jpg',18,1,'2025-11-02 07:53:54.366084','2025-11-02 07:53:54.366175',5);
INSERT INTO store_book VALUES(2,'Đắc Nhân Tâm','ac-nhan-tam','Dale Carnegie','Cuốn sách kinh điển về nghệ thuật ứng xử và giao tiếp với mọi người.',161800,'books/dacnhantam.jpg',12,1,'2025-11-02 07:53:54.516176','2025-11-02 07:53:54.516253',3);
INSERT INTO store_book VALUES(3,'Sapiens: Lược Sử Loài Người','sapiens-luoc-su-loai-nguoi','Yuval Noah Harari','Cuốn sách khám phá lịch sử tiến hóa của loài người từ thời đồ đá đến hiện đại.',201400,'',9,1,'2025-11-02 07:53:54.658024','2025-11-02 07:53:54.658099',4);
INSERT INTO store_book VALUES(4,'Tôi Tài Giỏi, Bạn Cũng Thế','toi-tai-gioi-ban-cung-the','Adam Khoo','Cuốn sách chia sẻ phương pháp học tập hiệu quả và phát triển tư duy.',167176,'',17,1,'2025-11-02 07:53:54.807770','2025-11-02 07:53:54.807839',5);
INSERT INTO store_book VALUES(5,'Lịch Sử Việt Nam Từ Nguồn Gốc Đến Giữa Thế Kỷ XX','lich-su-viet-nam-tu-nguon-goc-en-giua-the-ky-xx','Lê Thành Khôi','Tác phẩm toàn diện về lịch sử Việt Nam, từ thời tiền sử đến giữa thế kỷ 20.',97238,'books/lichsuVN.jpg',18,1,'2025-11-02 07:53:54.949960','2025-11-02 07:53:54.950033',4);
INSERT INTO store_book VALUES(6,'Tuổi Trẻ Đáng Giá Bao Nhiêu','tuoi-tre-ang-gia-bao-nhieu','Rosie Nguyễn','Cuốn sách truyền cảm hứng cho giới trẻ về cách sống và làm việc hiệu quả.',209465,'books/tuoitredanggiabaonhieu.jpg',20,1,'2025-11-02 07:53:55.091752','2025-11-02 07:53:55.091824',3);
INSERT INTO store_book VALUES(7,'Chí Phèo','chi-pheo','Nam Cao','Tác phẩm văn học kinh điển của nền văn học Việt Nam.',170103,'books/chipheo.jpg',13,1,'2025-11-02 07:53:55.241920','2025-11-02 07:53:55.241990',4);
INSERT INTO store_book VALUES(8,'Tôi Là Ai - Và Nếu Vậy Thì Bao Nhiêu?','toi-la-ai-va-neu-vay-thi-bao-nhieu','Richard David Precht','Cuốn sách triết học dễ hiểu về những câu hỏi lớn của nhân loại.',201133,'books/toilaai.jpg',16,1,'2025-11-02 07:53:55.392528','2025-11-02 07:53:55.392599',1);
INSERT INTO store_book VALUES(9,'Dế Mèn Phiêu Lưu Ký','de-men-phieu-luu-ky','Tô Hoài','Tác phẩm văn học thiếu nhi kinh điển của Việt Nam.',173466,'books/demenphieuluuky.jpg',7,1,'2025-11-02 07:53:55.543481','2025-11-02 07:53:55.543555',3);
INSERT INTO store_book VALUES(10,'Khởi Nghiệp Tinh Gọn','khoi-nghiep-tinh-gon','Eric Ries','Cuốn sách về phương pháp khởi nghiệp hiện đại, áp dụng nguyên lý Lean Startup.',238234,'',19,1,'2025-11-02 07:53:55.684260','2025-11-02 07:53:55.684335',5);
INSERT INTO store_book VALUES(11,'Python Cơ Bản','python-co-ban','Nguyễn Văn A','Cuốn sách hướng dẫn lập trình Python từ cơ bản đến nâng cao.',197472,'',12,1,'2025-11-02 07:53:55.826100','2025-11-02 07:53:55.826199',5);
INSERT INTO store_book VALUES(12,'JavaScript Toàn Tập','javascript-toan-tap','Trần Thị B','Tài liệu đầy đủ về JavaScript và các framework hiện đại.',228684,'',15,1,'2025-11-02 07:53:55.968013','2025-11-02 07:53:55.968088',3);
INSERT INTO store_book VALUES(13,'Kinh Tế Học Vi Mô','kinh-te-hoc-vi-mo','GS. Nguyễn Văn C','Giáo trình kinh tế học vi mô dành cho sinh viên đại học.',231615,'',18,1,'2025-11-02 07:53:56.111571','2025-11-02 07:53:56.111645',4);
INSERT INTO store_book VALUES(14,'Quản Trị Doanh Nghiệp','quan-tri-doanh-nghiep','Michael Porter','Cuốn sách về chiến lược quản trị và phát triển doanh nghiệp.',100319,'books/quantidoanhnghiep.jpg',11,1,'2025-11-02 07:53:56.251963','2025-11-02 07:53:56.252035',3);
INSERT INTO store_book VALUES(15,'Tâm Lý Học Đám Đông','tam-ly-hoc-am-ong','Gustave Le Bon','Nghiên cứu về hành vi và tâm lý của đám đông trong xã hội.',228760,'',19,1,'2025-11-02 07:53:56.393823','2025-11-02 07:53:56.393892',1);
INSERT INTO store_book VALUES(16,'Suy Nghĩ Nhanh Và Chậm','suy-nghi-nhanh-va-cham','Daniel Kahneman','Cuốn sách về hai hệ thống tư duy của con người.',119355,'',10,1,'2025-11-02 07:53:56.535706','2025-11-02 07:53:56.535779',5);
INSERT INTO store_book VALUES(17,'Người Trong Bao','nguoi-trong-bao','Anton Chekhov','Truyện ngắn kinh điển của văn học Nga về sự cô độc và sợ hãi.',175183,'',7,1,'2025-11-02 07:53:56.677624','2025-11-02 07:53:56.677695',5);
INSERT INTO store_book VALUES(18,'Django Web Development','django-web-development','John Smith','Hướng dẫn xây dựng ứng dụng web với Django framework.',125941,'',10,1,'2025-11-02 07:53:56.819198','2025-11-02 07:53:56.819270',2);
INSERT INTO store_book VALUES(19,'React Native Cơ Bản','react-native-co-ban','Lê Văn D','Cuốn sách hướng dẫn phát triển ứng dụng mobile với React Native.',236820,'',7,1,'2025-11-02 07:53:56.961339','2025-11-02 08:36:13.425678',3);
INSERT INTO store_book VALUES(20,'Blockchain và Tiền Điện Tử','blockchain-va-tien-ien-tu','Phạm Thị E','Giải thích về công nghệ blockchain và các ứng dụng của nó.',129088,'books/blockchainvatidientu.webp',15,1,'2025-11-02 07:53:57.103334','2025-11-02 07:53:57.103407',4);
CREATE TABLE IF NOT EXISTS "store_review" ("id" integer NOT NULL PRIMARY KEY AUTOINCREMENT, "rating" integer NOT NULL, "comment" text NOT NULL, "created_at" datetime NOT NULL, "updated_at" datetime NOT NULL, "book_id" bigint NOT NULL REFERENCES "store_book" ("id") DEFERRABLE INITIALLY DEFERRED, "user_id" integer NOT NULL REFERENCES "auth_user" ("id") DEFERRABLE INITIALLY DEFERRED);
CREATE TABLE IF NOT EXISTS "store_cartitem" ("id" integer NOT NULL PRIMARY KEY AUTOINCREMENT, "quantity" integer NOT NULL, "created_at" datetime NOT NULL, "updated_at" datetime NOT NULL, "book_id" bigint NOT NULL REFERENCES "store_book" ("id") DEFERRABLE INITIALLY DEFERRED, "user_id" integer NOT NULL REFERENCES "auth_user" ("id") DEFERRABLE INITIALLY DEFERRED);
DELETE FROM sqlite_sequence;
INSERT INTO sqlite_sequence VALUES('django_migrations',19);
INSERT INTO sqlite_sequence VALUES('django_admin_log',0);
INSERT INTO sqlite_sequence VALUES('django_content_type',13);
INSERT INTO sqlite_sequence VALUES('auth_permission',52);
INSERT INTO sqlite_sequence VALUES('auth_group',0);
INSERT INTO sqlite_sequence VALUES('auth_user',2);
INSERT INTO sqlite_sequence VALUES('store_book',20);
INSERT INTO sqlite_sequence VALUES('store_category',5);
INSERT INTO sqlite_sequence VALUES('store_profile',1);
INSERT INTO sqlite_sequence VALUES('store_cartitem',1);
INSERT INTO sqlite_sequence VALUES('store_order',1);
INSERT INTO sqlite_sequence VALUES('store_orderitem',1);
CREATE UNIQUE INDEX "auth_group_permissions_group_id_permission_id_0cd325b0_uniq" ON "auth_group_permissions" ("group_id", "permission_id");
CREATE INDEX "auth_group_permissions_group_id_b120cbf9" ON "auth_group_permissions" ("group_id");
CREATE INDEX "auth_group_permissions_permission_id_84c5c92e" ON "auth_group_permissions" ("permission_id");
CREATE UNIQUE INDEX "auth_user_groups_user_id_group_id_94350c0c_uniq" ON "auth_user_groups" ("user_id", "group_id");
CREATE INDEX "auth_user_groups_user_id_6a12ed8b" ON "auth_user_groups" ("user_id");
CREATE INDEX "auth_user_groups_group_id_97559544" ON "auth_user_groups" ("group_id");
CREATE UNIQUE INDEX "auth_user_user_permissions_user_id_permission_id_14a6b632_uniq" ON "auth_user_user_permissions" ("user_id", "permission_id");
CREATE INDEX "auth_user_user_permissions_user_id_a95ead1b" ON "auth_user_user_permissions" ("user_id");
CREATE INDEX "auth_user_user_permissions_permission_id_1fbb5f2c" ON "auth_user_user_permissions" ("permission_id");
CREATE INDEX "django_admin_log_content_type_id_c4bce8eb" ON "django_admin_log" ("content_type_id");
CREATE INDEX "django_admin_log_user_id_c564eba6" ON "django_admin_log" ("user_id");
CREATE UNIQUE INDEX "django_content_type_app_label_model_76bd3d3b_uniq" ON "django_content_type" ("app_label", "model");
CREATE UNIQUE INDEX "auth_permission_content_type_id_codename_01ab375a_uniq" ON "auth_permission" ("content_type_id", "codename");
CREATE INDEX "auth_permission_content_type_id_2f476e4b" ON "auth_permission" ("content_type_id");
CREATE INDEX "django_session_expire_date_a5c62663" ON "django_session" ("expire_date");
CREATE INDEX "store_order_user_id_ae5f7a5f" ON "store_order" ("user_id");
CREATE INDEX "store_orderitem_book_id_290bb879" ON "store_orderitem" ("book_id");
CREATE INDEX "store_orderitem_order_id_acf8722d" ON "store_orderitem" ("order_id");
CREATE INDEX "store_book_category_id_46de4d82" ON "store_book" ("category_id");
CREATE UNIQUE INDEX "store_review_book_id_user_id_13bc98dd_uniq" ON "store_review" ("book_id", "user_id");
CREATE INDEX "store_review_book_id_8b84a83d" ON "store_review" ("book_id");
CREATE INDEX "store_review_user_id_cc54d86d" ON "store_review" ("user_id");
CREATE UNIQUE INDEX "store_cartitem_user_id_book_id_5ec72324_uniq" ON "store_cartitem" ("user_id", "book_id");
CREATE INDEX "store_cartitem_book_id_9e07efda" ON "store_cartitem" ("book_id");
CREATE INDEX "store_cartitem_user_id_3ff2f2b5" ON "store_cartitem" ("user_id");
COMMIT;
